 wait,sum,asum,max,swap,total
0.00000,5.35216,0.00000,0.355540E-1,8.42017,13.8079
0.00000,5.96356,0.00000,0.361931E-1,9.03706,15.0368
0.00000,6.24407,0.00000,0.353519E-1,10.1055,16.3849
0.00000,5.49002,0.00000,0.310956E-1,9.55735,15.0785
0.00000,5.24959,0.00000,0.334252E-1,8.95306,14.2361
0.00000,3.74862,0.00000,0.232848E-1,8.19384,11.9657
0.00000,5.62748,0.00000,0.324949E-1,10.0277,15.6876
0.00000,6.01172,0.00000,0.335929E-1,10.0988,16.1442
