 wait,sum,asum,max,swap,total
0.00000,0.422178E-1,0.00000,0.457137E-2,0.184431,0.231220
0.00000,0.363003E-2,0.00000,0.364899E-3,0.295213E-1,0.335162E-1
0.00000,0.468472E-1,0.00000,0.453549E-2,0.181013,0.232396
0.00000,0.491592E-1,0.00000,0.507007E-2,0.175158,0.229387
0.00000,0.117489E-2,0.00000,0.132770E-4,0.196783E-1,0.208664E-1
0.00000,0.424129E-1,0.00000,0.502256E-2,0.195613,0.243049
0.00000,0.463585E-1,0.00000,0.485502E-2,0.178976,0.230190
0.00000,0.465824E-1,0.00000,0.453790E-2,0.176782,0.227902
