 wait,sum,asum,max,swap,total
0.00000,0.392708E-3,0.00000,0.229250E-4,0.217960E-2,0.259523E-2
0.00000,0.307680E-2,0.00000,0.384020E-3,0.455998E-2,0.802080E-2
0.00000,0.279334E-2,0.00000,0.409861E-3,0.454580E-2,0.774901E-2
0.00000,0.156106E-2,0.00000,0.870640E-4,0.298443E-2,0.463256E-2
0.00000,0.268426E-2,0.00000,0.190227E-3,0.444388E-2,0.731837E-2
0.00000,0.307921E-2,0.00000,0.294485E-3,0.443706E-2,0.781076E-2
0.00000,0.234662E-2,0.00000,0.354190E-3,0.454275E-2,0.724356E-2
0.00000,0.439069E-3,0.00000,0.766300E-5,0.183547E-2,0.228220E-2
