 wait,sum,asum,max,swap,total
0.00000,0.121130E-4,0.00000,0.132400E-5,0.479871E-3,0.493308E-3
