 wait,sum,asum,max,swap,total
0.00000,21.5802,0.00000,0.162480,45.6824,67.4250
0.00000,20.2046,0.00000,0.141722,46.5858,66.9322
0.00000,19.2543,0.00000,0.130682,48.0348,67.4198
0.00000,20.4813,0.00000,0.143700,48.5682,69.1931
0.00000,17.8268,0.00000,0.126017,46.0910,64.0438
0.00000,20.4906,0.00000,0.149142,47.6340,68.2737
0.00000,20.1298,0.00000,0.139395,48.6509,68.9201
0.00000,19.9638,0.00000,0.138394,47.9322,68.0344
