 wait,sum,asum,max,swap,total
0.00000,1.73726,0.00000,0.163993E-1,5.13522,6.88889
0.00000,2.87265,0.00000,0.167877E-1,6.31555,9.20499
0.00000,2.49023,0.00000,0.126745E-1,6.54702,9.04992
0.00000,2.73756,0.00000,0.155368E-1,6.56538,9.31848
0.00000,2.74022,0.00000,0.153697E-1,6.39681,9.15240
0.00000,2.59054,0.00000,0.136623E-1,6.38923,8.99343
0.00000,2.71503,0.00000,0.159347E-1,6.61684,9.34781
0.00000,2.45685,0.00000,0.123767E-1,6.55455,9.02378
